Workbook

Sheet Valuations
A1: set | B1: number | C1: card | D1: edition | E1: grade | F1: fair_value | G1: band_low | H1: band_high | I1: last_sale | J1: last_sale_date | K1: sales_12m | L1: liquidity | M1: decision_grade | N1: collectr | O1: collectr_vs_fv | P1: max_buy_EU | Q1: max_buy_US
A2: Neo Genesis | B2: 10 | C2: Meganium | D2: 1st | E2: PSA 10 | F2: 5336 | G2: 4132 | H2: 9073 | I2: 4600 | J2: 2026-05-18 | K2: 3 | L2: liq | M2: YES | N2: 34952.38 | O2: 5.5502961 | P2: =IF(M2="YES",G2*(1-Assumptions!$B$1-Assumptions!$B$2)/((1+Assumptions!$B$3)*(1+Assumptions!$B$4)),"") -> 2885.8413 | Q2: =IF(M2="YES",G2*(1-Assumptions!$B$1-Assumptions!$B$2)/((1+Assumptions!$B$3)*(1+Assumptions!$B$5)),"") -> 2424.1067
A3: Neo Genesis | B3: 10 | C3: Meganium | D3: 1st | E3: PSA 8 | F3: 307 | G3: 243 | H3: 411 | I3: 200 | J3: 2026-09-26 | K3: 21 | L3: liq | M3: YES | N3: 246.64 | O3: -0.19661238 | P3: =IF(M3="YES",G3*(1-Assumptions!$B$1-Assumptions!$B$2)/((1+Assumptions!$B$3)*(1+Assumptions!$B$4)),"") -> 169.71429 | Q3: =IF(M3="YES",G3*(1-Assumptions!$B$1-Assumptions!$B$2)/((1+Assumptions!$B$3)*(1+Assumptions!$B$5)),"") -> 142.56
A4: Neo Genesis | B4: 10 | C4: Meganium | D4: 1st | E4: PSA 9 | F4: 960 | G4: 707 | H4: 1316 | I4: 950 | J4: 2026-09-12 | K4: 13 | L4: liq | M4: YES | N4: 867 | O4: -0.096875 | P4: =IF(M4="YES",G4*(1-Assumptions!$B$1-Assumptions!$B$2)/((1+Assumptions!$B$3)*(1+Assumptions!$B$4)),"") -> 493.77778 | Q4: =IF(M4="YES",G4*(1-Assumptions!$B$1-Assumptions!$B$2)/((1+Assumptions!$B$3)*(1+Assumptions!$B$5)),"") -> 414.77333
A5: Neo Genesis | B5: 10 | C5: Meganium | D5: unl | E5: PSA 10 | F5: 1889 | G5: 1431 | H5: 6872 | I5: 915 | J5: 2024-03-26 | K5: 0 | L5: thin | M5: NO (thin: wide error) | N5: 687.02 | O5: -0.63630492 | P5: =IF(M5="YES",G5*(1-Assumptions!$B$1-Assumptions!$B$2)/((1+Assumptions!$B$3)*(1+Assumptions!$B$4)),"") | Q5: =IF(M5="YES",G5*(1-Assumptions!$B$1-Assumptions!$B$2)/((1+Assumptions!$B$3)*(1+Assumptions!$B$5)),"")
A6: Neo Genesis | B6: 10 | C6: Meganium | D6: unl | E6: PSA 8 | F6: 144 | G6: 114 | H6: 193 | I6: 110 | J6: 2026-09-27 | K6: 21 | L6: liq | M6: YES | N6: 117.64 | O6: -0.18305556 | P6: =IF(M6="YES",G6*(1-Assumptions!$B$1-Assumptions!$B$2)/((1+Assumptions!$B$3)*(1+Assumptions!$B$4)),"") -> 79.619048 | Q6: =IF(M6="YES",G6*(1-Assumptions!$B$1-Assumptions!$B$2)/((1+Assumptions!$B$3)*(1+Assumptions!$B$5)),"") -> 66.88
A7: Neo Genesis | B7: 10 | C7: Meganium | D7: unl | E7: PSA 9 | F7: 181 | G7: 134 | H7: 249 | I7: 162 | J7: 2026-08-06 | K7: 16 | L7: liq | M7: YES | N7: 245.17 | O7: 0.35453039 | P7: =IF(M7="YES",G7*(1-Assumptions!$B$1-Assumptions!$B$2)/((1+Assumptions!$B$3)*(1+Assumptions!$B$4)),"") -> 93.587302 | Q7: =IF(M7="YES",G7*(1-Assumptions!$B$1-Assumptions!$B$2)/((1+Assumptions!$B$3)*(1+Assumptions!$B$5)),"") -> 78.613333
A8: Neo Genesis | B8: 11 | C8: Meganium | D8: 1st | E8: PSA 10 | F8: 5893 | G8: 4564 | H8: 10021 | I8: 5999 | J8: 2026-09-05 | K8: 16 | L8: liq | M8: YES | N8: 7638.64 | O8: 0.29622264 | P8: =IF(M8="YES",G8*(1-Assumptions!$B$1-Assumptions!$B$2)/((1+Assumptions!$B$3)*(1+Assumptions!$B$4)),"") -> 3187.5556 | Q8: =IF(M8="YES",G8*(1-Assumptions!$B$1-Assumptions!$B$2)/((1+Assumptions!$B$3)*(1+Assumptions!$B$5)),"") -> 2677.5467
A9: Neo Genesis | B9: 11 | C9: Meganium | D9: 1st | E9: PSA 8 | F9: 331 | G9: 262 | H9: 444 | I9: 366 | J9: 2026-09-12 | K9: 23 | L9: liq | M9: YES | N9: 401.32 | O9: 0.21244713 | P9: =IF(M9="YES",G9*(1-Assumptions!$B$1-Assumptions!$B$2)/((1+Assumptions!$B$3)*(1+Assumptions!$B$4)),"") -> 182.98413 | Q9: =IF(M9="YES",G9*(1-Assumptions!$B$1-Assumptions!$B$2)/((1+Assumptions!$B$3)*(1+Assumptions!$B$5)),"") -> 153.70667
A10: Neo Genesis | B10: 11 | C10: Meganium | D10: 1st | E10: PSA 9 | F10: 532 | G10: 392 | H10: 730 | I10: 572 | J10: 2026-09-28 | K10: 18 | L10: liq | M10: YES | N10: 552.63 | O10: 0.038778195 | P10: =IF(M10="YES",G10*(1-Assumptions!$B$1-Assumptions!$B$2)/((1+Assumptions!$B$3)*(1+Assumptions!$B$4)),"") -> 273.77778 | Q10: =IF(M10="YES",G10*(1-Assumptions!$B$1-Assumptions!$B$2)/((1+Assumptions!$B$3)*(1+Assumptions!$B$5)),"") -> 229.97333
A11: Neo Genesis | B11: 11 | C11: Meganium | D11: unl | E11: PSA 10 | F11: 2795 | G11: 2165 | H11: 4753 | I11: 2550 | J11: 2026-05-03 | K11: 4 | L11: liq | M11: YES | N11: 3107.14 | O11: 0.111678 | P11: =IF(M11="YES",G11*(1-Assumptions!$B$1-Assumptions!$B$2)/((1+Assumptions!$B$3)*(1+Assumptions!$B$4)),"") -> 1512.0635 | Q11: =IF(M11="YES",G11*(1-Assumptions!$B$1-Assumptions!$B$2)/((1+Assumptions!$B$3)*(1+Assumptions!$B$5)),"") -> 1270.1333
A12: Neo Genesis | B12: 11 | C12: Meganium | D12: unl | E12: PSA 8 | F12: 120 | G12: 95 | H12: 161 | I12: 123 | J12: 2026-09-03 | K12: 20 | L12: liq | M12: YES | N12: 111.97 | O12: -0.066916667 | P12: =IF(M12="YES",G12*(1-Assumptions!$B$1-Assumptions!$B$2)/((1+Assumptions!$B$3)*(1+Assumptions!$B$4)),"") -> 66.349206 | Q12: =IF(M12="YES",G12*(1-Assumptions!$B$1-Assumptions!$B$2)/((1+Assumptions!$B$3)*(1+Assumptions!$B$5)),"") -> 55.733333
A13: Neo Genesis | B13: 11 | C13: Meganium | D13: unl | E13: PSA 9 | F13: 169 | G13: 124 | H13: 232 | I13: 140 | J13: 2026-09-07 | K13: 17 | L13: liq | M13: YES | N13: 163.88 | O13: -0.030295858 | P13: =IF(M13="YES",G13*(1-Assumptions!$B$1-Assumptions!$B$2)/((1+Assumptions!$B$3)*(1+Assumptions!$B$4)),"") -> 86.603175 | Q13: =IF(M13="YES",G13*(1-Assumptions!$B$1-Assumptions!$B$2)/((1+Assumptions!$B$3)*(1+Assumptions!$B$5)),"") -> 72.746667
... A218: Team Rocket | B218: 9 | C218: Dark Hypno | D218: unl | E218: PSA 9 | F218: 127 | G218: 94 | H218: 175 | I218: 119 | J218: 2026-09-28 | K218: 19 | L218: liq | M218: YES | N218: 130.37 | O218: 0.026535433 | P218: =IF(M218="YES",G218*(1-Assumptions!$B$1-Assumptions!$B$2)/((1+Assumptions!$B$3)*(1+Assumptions!$B$4)),"") -> 65.650794 | Q218: =IF(M218="YES",G218*(1-Assumptions!$B$1-Assumptions!$B$2)/((1+Assumptions!$B$3)*(1+Assumptions!$B$5)),"") -> 55.146667

Sheet Assumptions
A1: Sell fee | B1: 0.1
A2: Insurance | B2: 0.02
A3: Flip net target | B3: 0.2
A4: Landed buy cost EU | B4: 0.05
A5: Landed buy cost US | B5: 0.25
A7: Landed buy costs are assumptions; replace with your real figures.

Sheet Backtest
A1: Walk-forward backtest: Oct 2025–Sep 2026, 3,174 sales, each predicted with data before its month only
A2: Grade | B2: Model median abs error | Last-sale median abs error
A3: PSA 10 | B3: 19.4% | 20.1%
A4: PSA 9 | B4: 15.4% | 17.2%
A5: PSA 8 | B5: 13.7% | 16.1%
A6: PSA 10 thin (effective sales <2) | B6: 38–47% | 36–62% → not decision-grade
A7: PSA 10 last sale >180 days old | B7: 48% | 71%
A8: P10–P90 band coverage (target 80%) | B8: 81% (n=2,874)
A9: Method | B9: Monthly market index per grade (fixed-effects, 3-month smoothed); own sales index-adjusted, 90-day half-life, weighted median; comps from adjacent grade × segment ratio; credibility blend k=2; final = 50/50 with last sale for PSA 10/9 (model only for PSA 8 or last sale >180d); bands = out-of-sample residual quantiles by grade × liquidity.
A10: Data | B10: PSA sales NG+TR (PriceCharting + PSA APR for TR), 2023-09-29 to 2026-09-28; 3 suspect Lugia 1st PSA10 rows excluded. NG PSA APR additions file (111 rows) NOT included — Neo Genesis PSA 10 values understate auction-house sales.
